-- MySQL Script generated by MySQL Workbench
-- Thu Jun 20 10:48:28 2019
-- Model: boxer-ratings-model    Version: 1.0
-- MySQL Workbench Forward Engineering

SET @OLD_UNIQUE_CHECKS = @@UNIQUE_CHECKS, UNIQUE_CHECKS = 0;
SET @OLD_FOREIGN_KEY_CHECKS = @@FOREIGN_KEY_CHECKS, FOREIGN_KEY_CHECKS = 0;
SET @OLD_SQL_MODE = @@SQL_MODE, SQL_MODE = 'TRADITIONAL,ALLOW_INVALID_DATES';

-- -----------------------------------------------------
-- Schema boxers
-- -----------------------------------------------------
DROP SCHEMA IF EXISTS `boxers`;

-- -----------------------------------------------------
-- Schema boxers
-- -----------------------------------------------------
CREATE SCHEMA IF NOT EXISTS `boxers` DEFAULT CHARACTER SET utf8;
USE `boxers`;

-- -----------------------------------------------------
-- Table `boxers`.`division`
-- -----------------------------------------------------
DROP TABLE IF EXISTS `boxers`.`division`;

CREATE TABLE IF NOT EXISTS `boxers`.`division`
(
    `id`         TINYINT(2) UNSIGNED NOT NULL,
    `name`       VARCHAR(20)         NOT NULL,
    `created_at` DATETIME            NOT NULL DEFAULT CURRENT_TIMESTAMP,
    `updated_at` DATETIME            NOT NULL DEFAULT CURRENT_TIMESTAMP ON UPDATE CURRENT_TIMESTAMP,
    `deleted_at` DATETIME            NULL     DEFAULT NULL,
    UNIQUE INDEX `name` (`name` ASC),
    PRIMARY KEY (`id`)
)
    ENGINE = InnoDB;


-- -----------------------------------------------------
-- Table `boxers`.`boxer`
-- -----------------------------------------------------
DROP TABLE IF EXISTS `boxers`.`boxer`;

CREATE TABLE IF NOT EXISTS `boxers`.`boxer`
(
    `id`          INT(11) UNSIGNED    NOT NULL AUTO_INCREMENT,
    `division_id` TINYINT(2) UNSIGNED NOT NULL,
    `boxrec_id`   INT(11) UNSIGNED    NOT NULL,
    `name`        VARCHAR(45)         NOT NULL,
    `nationality` CHAR(2)             NOT NULL COMMENT 'ISO 3166-1 alpha-2 code',
    `dob`         DATE                NOT NULL,
    `record`      VARCHAR(20)         NOT NULL,
    `home_town`   VARCHAR(45)         NOT NULL,
    `snippet`     TEXT                NOT NULL,
    `titles`      VARCHAR(18)         NULL     DEFAULT NULL,
    `twitter`     VARCHAR(15)         NULL     DEFAULT NULL,
    `enabled`     TINYINT(1)          NOT NULL DEFAULT 0,
    `created_at`  DATETIME            NOT NULL DEFAULT CURRENT_TIMESTAMP,
    `updated_at`  DATETIME            NOT NULL DEFAULT CURRENT_TIMESTAMP ON UPDATE CURRENT_TIMESTAMP,
    `deleted_at`  DATETIME            NULL     DEFAULT NULL,
    PRIMARY KEY (`id`),
    INDEX `index_divisionId` (`division_id` ASC),
    UNIQUE INDEX `twitter_UNIQUE` (`twitter` ASC),
    CONSTRAINT `fk_boxer_divisionId`
        FOREIGN KEY (`division_id`)
            REFERENCES `boxers`.`division` (`id`)
            ON DELETE NO ACTION
            ON UPDATE NO ACTION
)
    ENGINE = InnoDB;


-- -----------------------------------------------------
-- Table `boxers`.`rating`
-- -----------------------------------------------------
DROP TABLE IF EXISTS `boxers`.`rating`;

CREATE TABLE IF NOT EXISTS `boxers`.`rating`
(
    `division_id` TINYINT(2) UNSIGNED   NOT NULL,
    `boxer_id`    INT(11) UNSIGNED      NOT NULL,
    `rating`      MEDIUMINT(8) UNSIGNED NOT NULL DEFAULT 0,
    `points`      INT(11)               NOT NULL DEFAULT 0,
    PRIMARY KEY (`division_id`, `boxer_id`),
    INDEX `fk_rating_boxerId` (`boxer_id` ASC),
    INDEX `index_divisionId` (`division_id` ASC),
    CONSTRAINT `fk_rating_divisionId`
        FOREIGN KEY (`division_id`)
            REFERENCES `boxers`.`division` (`id`)
            ON DELETE NO ACTION
            ON UPDATE NO ACTION,
    CONSTRAINT `fk_rating_boxerId`
        FOREIGN KEY (`boxer_id`)
            REFERENCES `boxers`.`boxer` (`id`)
            ON DELETE NO ACTION
            ON UPDATE NO ACTION
)
    ENGINE = InnoDB;


-- -----------------------------------------------------
-- Table `boxers`.`user`
-- -----------------------------------------------------
DROP TABLE IF EXISTS `boxers`.`user`;

CREATE TABLE IF NOT EXISTS `boxers`.`user`
(
    `id`         INT(11)      NOT NULL AUTO_INCREMENT,
    `name`       VARCHAR(45)  NOT NULL,
    `email`      VARCHAR(255) NOT NULL,
    `password`   VARCHAR(255) NOT NULL,
    `created_at` DATETIME     NOT NULL DEFAULT CURRENT_TIMESTAMP,
    `active`     TINYINT(1)   NOT NULL DEFAULT 1,
    `confirmed`  VARCHAR(45)  NOT NULL DEFAULT 0,
    PRIMARY KEY (`id`),
    UNIQUE INDEX `email_UNIQUE` (`email` ASC)
)
    ENGINE = InnoDB;

-- -----------------------------------------------------
-- Table `boxers`.`admin`
-- -----------------------------------------------------
DROP TABLE IF EXISTS `boxers`.`admin`;

CREATE TABLE IF NOT EXISTS `boxers`.`admin`
(
    `id`         INT(11)      NOT NULL AUTO_INCREMENT,
    `name`       VARCHAR(45)  NOT NULL,
    `password`   VARCHAR(255) NOT NULL,
    `roles`      JSON         NOT NULL,
    `created_at` DATETIME     NOT NULL DEFAULT CURRENT_TIMESTAMP,
    `active`     TINYINT(1)   NOT NULL DEFAULT 1,
    PRIMARY KEY (`id`),
    UNIQUE INDEX `name_UNIQUE` (`name` ASC)
)
    ENGINE = InnoDB;


-- -----------------------------------------------------
-- Table `boxers`.`p4p_rating`
-- -----------------------------------------------------
DROP TABLE IF EXISTS `boxers`.`p4p_rating`;

CREATE TABLE IF NOT EXISTS `boxers`.`p4p_rating`
(
    `id`         INT(11)          NOT NULL AUTO_INCREMENT,
    `boxer_id`   INT(11) UNSIGNED NOT NULL,
    `rating`     SMALLINT(5)      NULL,
    `created_at` DATETIME         NOT NULL DEFAULT CURRENT_TIMESTAMP,
    `updated_at` DATETIME         NOT NULL DEFAULT CURRENT_TIMESTAMP ON UPDATE CURRENT_TIMESTAMP,
    PRIMARY KEY (`id`),
    CONSTRAINT `fk_p4p_rating_boxer`
        FOREIGN KEY (`boxer_id`)
            REFERENCES `boxers`.`boxer` (`id`)
            ON DELETE NO ACTION
            ON UPDATE NO ACTION
)
    ENGINE = InnoDB;

-- -----------------------------------------------------
-- Table `boxers`.`heavyweight_user_rating`
-- -----------------------------------------------------
DROP TABLE IF EXISTS `boxers`.`heavyweight_user_rating`;

CREATE TABLE IF NOT EXISTS `boxers`.`heavyweight_user_rating`
(
    `user_id`  INT(11)          NOT NULL,
    `boxer_id` INT(11) UNSIGNED NOT NULL,
    `rating`   SMALLINT(5)      NULL,
    PRIMARY KEY (`user_id`, `boxer_id`),
    INDEX `fk_heavyweight_user_rating_boxer_idx` (`boxer_id` ASC),
    CONSTRAINT `fk_heavyweight_user_rating_user`
        FOREIGN KEY (`user_id`)
            REFERENCES `boxers`.`user` (`id`)
            ON DELETE NO ACTION
            ON UPDATE NO ACTION,
    CONSTRAINT `fk_heavyweight_user_rating_boxer`
        FOREIGN KEY (`boxer_id`)
            REFERENCES `boxers`.`boxer` (`id`)
            ON DELETE NO ACTION
            ON UPDATE NO ACTION
)
    ENGINE = InnoDB;


-- -----------------------------------------------------
-- Table `boxers`.`cruiserweight_user_rating`
-- -----------------------------------------------------
DROP TABLE IF EXISTS `boxers`.`cruiserweight_user_rating`;

CREATE TABLE IF NOT EXISTS `boxers`.`cruiserweight_user_rating`
(
    `user_id`  INT(11)          NOT NULL,
    `boxer_id` INT(11) UNSIGNED NOT NULL,
    `rating`   SMALLINT(5)      NULL,
    PRIMARY KEY (`user_id`, `boxer_id`),
    INDEX `fk_cruiserweight_user_rating_boxer_idx` (`boxer_id` ASC),
    CONSTRAINT `fk_crusierweight_user_rating_user`
        FOREIGN KEY (`user_id`)
            REFERENCES `boxers`.`user` (`id`)
            ON DELETE NO ACTION
            ON UPDATE NO ACTION,
    CONSTRAINT `fk_cruiserweight_user_rating_boxer`
        FOREIGN KEY (`boxer_id`)
            REFERENCES `boxers`.`boxer` (`id`)
            ON DELETE NO ACTION
            ON UPDATE NO ACTION
)
    ENGINE = InnoDB;


-- -----------------------------------------------------
-- Table `boxers`.`lightheavyweight_user_rating`
-- -----------------------------------------------------
DROP TABLE IF EXISTS `boxers`.`lightheavyweight_user_rating`;

CREATE TABLE IF NOT EXISTS `boxers`.`lightheavyweight_user_rating`
(
    `user_id`  INT(11)          NOT NULL,
    `boxer_id` INT(11) UNSIGNED NOT NULL,
    `rating`   SMALLINT(5)      NULL,
    PRIMARY KEY (`user_id`, `boxer_id`),
    INDEX `fk_lightheavyweight_user_rating_boxer_idx` (`boxer_id` ASC),
    CONSTRAINT `fk_lightheavyweight_user_rating_user`
        FOREIGN KEY (`user_id`)
            REFERENCES `boxers`.`user` (`id`)
            ON DELETE NO ACTION
            ON UPDATE NO ACTION,
    CONSTRAINT `fk_lightheavyweight_user_rating_boxer`
        FOREIGN KEY (`boxer_id`)
            REFERENCES `boxers`.`boxer` (`id`)
            ON DELETE NO ACTION
            ON UPDATE NO ACTION
)
    ENGINE = InnoDB;


-- -----------------------------------------------------
-- Table `boxers`.`supermiddleweight_user_rating`
-- -----------------------------------------------------
DROP TABLE IF EXISTS `boxers`.`supermiddleweight_user_rating`;

CREATE TABLE IF NOT EXISTS `boxers`.`supermiddleweight_user_rating`
(
    `user_id`  INT(11)          NOT NULL,
    `boxer_id` INT(11) UNSIGNED NOT NULL,
    `rating`   SMALLINT(5)      NULL,
    PRIMARY KEY (`user_id`, `boxer_id`),
    INDEX `fk_supermiddleweight_user_rating_boxer_idx` (`boxer_id` ASC),
    CONSTRAINT `fk_supermiddleweight_user_rating_user`
        FOREIGN KEY (`user_id`)
            REFERENCES `boxers`.`user` (`id`)
            ON DELETE NO ACTION
            ON UPDATE NO ACTION,
    CONSTRAINT `fk_supermiddleweight_user_rating_boxer`
        FOREIGN KEY (`boxer_id`)
            REFERENCES `boxers`.`boxer` (`id`)
            ON DELETE NO ACTION
            ON UPDATE NO ACTION
)
    ENGINE = InnoDB;


-- -----------------------------------------------------
-- Table `boxers`.`middleweight_user_rating`
-- -----------------------------------------------------
DROP TABLE IF EXISTS `boxers`.`middleweight_user_rating`;

CREATE TABLE IF NOT EXISTS `boxers`.`middleweight_user_rating`
(
    `user_id`  INT(11)          NOT NULL,
    `boxer_id` INT(11) UNSIGNED NOT NULL,
    `rating`   SMALLINT(5)      NULL,
    PRIMARY KEY (`user_id`, `boxer_id`),
    INDEX `fk_middleweight_user_rating_boxer_idx` (`boxer_id` ASC),
    CONSTRAINT `fk_middleweight_user_rating_user`
        FOREIGN KEY (`user_id`)
            REFERENCES `boxers`.`user` (`id`)
            ON DELETE NO ACTION
            ON UPDATE NO ACTION,
    CONSTRAINT `fk_middleweight_user_rating_boxer`
        FOREIGN KEY (`boxer_id`)
            REFERENCES `boxers`.`boxer` (`id`)
            ON DELETE NO ACTION
            ON UPDATE NO ACTION
)
    ENGINE = InnoDB;


-- -----------------------------------------------------
-- Table `boxers`.`lightmiddleweight_user_rating`
-- -----------------------------------------------------
DROP TABLE IF EXISTS `boxers`.`lightmiddleweight_user_rating`;

CREATE TABLE IF NOT EXISTS `boxers`.`lightmiddleweight_user_rating`
(
    `user_id`  INT(11)          NOT NULL,
    `boxer_id` INT(11) UNSIGNED NOT NULL,
    `rating`   SMALLINT(5)      NULL,
    PRIMARY KEY (`user_id`, `boxer_id`),
    INDEX `fk_lightmiddleweight_user_rating_boxer_idx` (`boxer_id` ASC),
    CONSTRAINT `fk_lightmiddleweight_user_rating_user`
        FOREIGN KEY (`user_id`)
            REFERENCES `boxers`.`user` (`id`)
            ON DELETE NO ACTION
            ON UPDATE NO ACTION,
    CONSTRAINT `fk_lightmiddleweight_user_rating_boxer`
        FOREIGN KEY (`boxer_id`)
            REFERENCES `boxers`.`boxer` (`id`)
            ON DELETE NO ACTION
            ON UPDATE NO ACTION
)
    ENGINE = InnoDB;


-- -----------------------------------------------------
-- Table `boxers`.`welterweight_user_rating`
-- -----------------------------------------------------
DROP TABLE IF EXISTS `boxers`.`welterweight_user_rating`;

CREATE TABLE IF NOT EXISTS `boxers`.`welterweight_user_rating`
(
    `user_id`  INT(11)          NOT NULL,
    `boxer_id` INT(11) UNSIGNED NOT NULL,
    `rating`   SMALLINT(5)      NULL,
    PRIMARY KEY (`user_id`, `boxer_id`),
    INDEX `fk_welterweight_user_rating_boxer_idx` (`boxer_id` ASC),
    CONSTRAINT `fk_welterweight_user_rating_user`
        FOREIGN KEY (`user_id`)
            REFERENCES `boxers`.`user` (`id`)
            ON DELETE NO ACTION
            ON UPDATE NO ACTION,
    CONSTRAINT `fk_welterweight_user_rating_boxer`
        FOREIGN KEY (`boxer_id`)
            REFERENCES `boxers`.`boxer` (`id`)
            ON DELETE NO ACTION
            ON UPDATE NO ACTION
)
    ENGINE = InnoDB;


-- -----------------------------------------------------
-- Table `boxers`.`lightwelterweight_user_rating`
-- -----------------------------------------------------
DROP TABLE IF EXISTS `boxers`.`lightwelterweight_user_rating`;

CREATE TABLE IF NOT EXISTS `boxers`.`lightwelterweight_user_rating`
(
    `user_id`  INT(11)          NOT NULL,
    `boxer_id` INT(11) UNSIGNED NOT NULL,
    `rating`   SMALLINT(5)      NULL,
    PRIMARY KEY (`user_id`, `boxer_id`),
    INDEX `fk_lightwelterweight_user_rating_boxer_idx` (`boxer_id` ASC),
    CONSTRAINT `fk_lightwelterweight_user_rating_user`
        FOREIGN KEY (`user_id`)
            REFERENCES `boxers`.`user` (`id`)
            ON DELETE NO ACTION
            ON UPDATE NO ACTION,
    CONSTRAINT `fk_lightwelterweight_user_rating_boxer`
        FOREIGN KEY (`boxer_id`)
            REFERENCES `boxers`.`boxer` (`id`)
            ON DELETE NO ACTION
            ON UPDATE NO ACTION
)
    ENGINE = InnoDB;

-- -----------------------------------------------------
-- Table `boxers`.`lightweight_user_rating`
-- -----------------------------------------------------
DROP TABLE IF EXISTS `boxers`.`lightweight_user_rating`;

CREATE TABLE IF NOT EXISTS `boxers`.`lightweight_user_rating`
(
    `user_id`  INT(11)          NOT NULL,
    `boxer_id` INT(11) UNSIGNED NOT NULL,
    `rating`   SMALLINT(5)      NULL,
    PRIMARY KEY (`user_id`, `boxer_id`),
    INDEX `fk_lightweight_user_rating_boxer_idx` (`boxer_id` ASC),
    CONSTRAINT `fk_lightweight_user_rating_user`
        FOREIGN KEY (`user_id`)
            REFERENCES `boxers`.`user` (`id`)
            ON DELETE NO ACTION
            ON UPDATE NO ACTION,
    CONSTRAINT `fk_lightweight_user_rating_boxer`
        FOREIGN KEY (`boxer_id`)
            REFERENCES `boxers`.`boxer` (`id`)
            ON DELETE NO ACTION
            ON UPDATE NO ACTION
)
    ENGINE = InnoDB;

-- -----------------------------------------------------
-- Table `boxers`.`superfeatherweight_user_rating`
-- -----------------------------------------------------
DROP TABLE IF EXISTS `boxers`.`superfeatherweight_user_rating`;

CREATE TABLE IF NOT EXISTS `boxers`.`superfeatherweight_user_rating`
(
    `user_id`  INT(11)          NOT NULL,
    `boxer_id` INT(11) UNSIGNED NOT NULL,
    `rating`   SMALLINT(5)      NULL,
    PRIMARY KEY (`user_id`, `boxer_id`),
    INDEX `fk_superfeatherweight_user_rating_boxer_idx` (`boxer_id` ASC),
    CONSTRAINT `fk_superfeatherweight_user_rating_user`
        FOREIGN KEY (`user_id`)
            REFERENCES `boxers`.`user` (`id`)
            ON DELETE NO ACTION
            ON UPDATE NO ACTION,
    CONSTRAINT `fk_superfeatherweight_user_rating_boxer`
        FOREIGN KEY (`boxer_id`)
            REFERENCES `boxers`.`boxer` (`id`)
            ON DELETE NO ACTION
            ON UPDATE NO ACTION
)
    ENGINE = InnoDB;


SET SQL_MODE = @OLD_SQL_MODE;
SET FOREIGN_KEY_CHECKS = @OLD_FOREIGN_KEY_CHECKS;
SET UNIQUE_CHECKS = @OLD_UNIQUE_CHECKS;

-- -----------------------------------------------------
-- Table `boxers`.`featherweight_user_rating`
-- -----------------------------------------------------
DROP TABLE IF EXISTS `boxers`.`featherweight_user_rating`;

CREATE TABLE IF NOT EXISTS `boxers`.`featherweight_user_rating`
(
    `user_id`  INT(11)          NOT NULL,
    `boxer_id` INT(11) UNSIGNED NOT NULL,
    `rating`   SMALLINT(5)      NULL,
    PRIMARY KEY (`user_id`, `boxer_id`),
    INDEX `fk_featherweight_user_rating_boxer_idx` (`boxer_id` ASC),
    CONSTRAINT `fk_featherweight_user_rating_user`
        FOREIGN KEY (`user_id`)
            REFERENCES `boxers`.`user` (`id`)
            ON DELETE NO ACTION
            ON UPDATE NO ACTION,
    CONSTRAINT `fk_featherweight_user_rating_boxer`
        FOREIGN KEY (`boxer_id`)
            REFERENCES `boxers`.`boxer` (`id`)
            ON DELETE NO ACTION
            ON UPDATE NO ACTION
)
    ENGINE = InnoDB;

-- -----------------------------------------------------
-- Table `boxers`.`superbantamweight_user_rating`
-- -----------------------------------------------------
DROP TABLE IF EXISTS `boxers`.`superbantamweight_user_rating`;

CREATE TABLE IF NOT EXISTS `boxers`.`superbantamweight_user_rating`
(
    `user_id`  INT(11)          NOT NULL,
    `boxer_id` INT(11) UNSIGNED NOT NULL,
    `rating`   SMALLINT(5)      NULL,
    PRIMARY KEY (`user_id`, `boxer_id`),
    INDEX `fk_superbantamweight_user_rating_boxer_idx` (`boxer_id` ASC),
    CONSTRAINT `fk_superbantamweight_user_rating_user`
        FOREIGN KEY (`user_id`)
            REFERENCES `boxers`.`user` (`id`)
            ON DELETE NO ACTION
            ON UPDATE NO ACTION,
    CONSTRAINT `fk_superbantamweight_user_rating_boxer`
        FOREIGN KEY (`boxer_id`)
            REFERENCES `boxers`.`boxer` (`id`)
            ON DELETE NO ACTION
            ON UPDATE NO ACTION
)
    ENGINE = InnoDB;

-- -----------------------------------------------------
-- Table `boxers`.`bantamweight_user_rating`
-- -----------------------------------------------------
DROP TABLE IF EXISTS `boxers`.`bantamweight_user_rating`;

CREATE TABLE IF NOT EXISTS `boxers`.`bantamweight_user_rating`
(
    `user_id`  INT(11)          NOT NULL,
    `boxer_id` INT(11) UNSIGNED NOT NULL,
    `rating`   SMALLINT(5)      NULL,
    PRIMARY KEY (`user_id`, `boxer_id`),
    INDEX `fk_bantamweight_user_rating_boxer_idx` (`boxer_id` ASC),
    CONSTRAINT `fk_bantamweight_user_rating_user`
        FOREIGN KEY (`user_id`)
            REFERENCES `boxers`.`user` (`id`)
            ON DELETE NO ACTION
            ON UPDATE NO ACTION,
    CONSTRAINT `fk_bantamweight_user_rating_boxer`
        FOREIGN KEY (`boxer_id`)
            REFERENCES `boxers`.`boxer` (`id`)
            ON DELETE NO ACTION
            ON UPDATE NO ACTION
)
    ENGINE = InnoDB;

-- -----------------------------------------------------
-- Table `boxers`.`superflyweight_user_rating`
-- -----------------------------------------------------
DROP TABLE IF EXISTS `boxers`.`superflyweight_user_rating`;

CREATE TABLE IF NOT EXISTS `boxers`.`superflyweight_user_rating`
(
    `user_id`  INT(11)          NOT NULL,
    `boxer_id` INT(11) UNSIGNED NOT NULL,
    `rating`   SMALLINT(5)      NULL,
    PRIMARY KEY (`user_id`, `boxer_id`),
    INDEX `fk_superflyweight_user_rating_boxer_idx` (`boxer_id` ASC),
    CONSTRAINT `fk_superflyweight_user_rating_user`
        FOREIGN KEY (`user_id`)
            REFERENCES `boxers`.`user` (`id`)
            ON DELETE NO ACTION
            ON UPDATE NO ACTION,
    CONSTRAINT `fk_superflyweight_user_rating_boxer`
        FOREIGN KEY (`boxer_id`)
            REFERENCES `boxers`.`boxer` (`id`)
            ON DELETE NO ACTION
            ON UPDATE NO ACTION
)
    ENGINE = InnoDB;

-- -----------------------------------------------------
-- Table `boxers`.`flyweight_user_rating`
-- -----------------------------------------------------
DROP TABLE IF EXISTS `boxers`.`flyweight_user_rating`;

CREATE TABLE IF NOT EXISTS `boxers`.`flyweight_user_rating`
(
    `user_id`  INT(11)          NOT NULL,
    `boxer_id` INT(11) UNSIGNED NOT NULL,
    `rating`   SMALLINT(5)      NULL,
    PRIMARY KEY (`user_id`, `boxer_id`),
    INDEX `fk_flyweight_user_rating_boxer_idx` (`boxer_id` ASC),
    CONSTRAINT `fk_flyweight_user_rating_user`
        FOREIGN KEY (`user_id`)
            REFERENCES `boxers`.`user` (`id`)
            ON DELETE NO ACTION
            ON UPDATE NO ACTION,
    CONSTRAINT `fk_flyweight_user_rating_boxer`
        FOREIGN KEY (`boxer_id`)
            REFERENCES `boxers`.`boxer` (`id`)
            ON DELETE NO ACTION
            ON UPDATE NO ACTION
)
    ENGINE = InnoDB;

-- -----------------------------------------------------
-- Table `boxers`.`lightflyweight_user_rating`
-- -----------------------------------------------------
DROP TABLE IF EXISTS `boxers`.`lightflyweight_user_rating`;

CREATE TABLE IF NOT EXISTS `boxers`.`lightflyweight_user_rating`
(
    `user_id`  INT(11)          NOT NULL,
    `boxer_id` INT(11) UNSIGNED NOT NULL,
    `rating`   SMALLINT(5)      NULL,
    PRIMARY KEY (`user_id`, `boxer_id`),
    INDEX `fk_lightflyweight_user_rating_boxer_idx` (`boxer_id` ASC),
    CONSTRAINT `fk_lightflyweight_user_rating_user`
        FOREIGN KEY (`user_id`)
            REFERENCES `boxers`.`user` (`id`)
            ON DELETE NO ACTION
            ON UPDATE NO ACTION,
    CONSTRAINT `fk_lightflyweight_user_rating_boxer`
        FOREIGN KEY (`boxer_id`)
            REFERENCES `boxers`.`boxer` (`id`)
            ON DELETE NO ACTION
            ON UPDATE NO ACTION
)
    ENGINE = InnoDB;

-- -----------------------------------------------------
-- Table `boxers`.`minimumweight_user_rating`
-- -----------------------------------------------------
DROP TABLE IF EXISTS `boxers`.`minimumweight_user_rating`;

CREATE TABLE IF NOT EXISTS `boxers`.`minimumweight_user_rating`
(
    `user_id`  INT(11)          NOT NULL,
    `boxer_id` INT(11) UNSIGNED NOT NULL,
    `rating`   SMALLINT(5)      NULL,
    PRIMARY KEY (`user_id`, `boxer_id`),
    INDEX `fk_minimumweight_user_rating_boxer_idx` (`boxer_id` ASC),
    CONSTRAINT `fk_minimumweight_user_rating_user`
        FOREIGN KEY (`user_id`)
            REFERENCES `boxers`.`user` (`id`)
            ON DELETE NO ACTION
            ON UPDATE NO ACTION,
    CONSTRAINT `fk_minimumweight_user_rating_boxer`
        FOREIGN KEY (`boxer_id`)
            REFERENCES `boxers`.`boxer` (`id`)
            ON DELETE NO ACTION
            ON UPDATE NO ACTION
)
    ENGINE = InnoDB;


SET SQL_MODE = @OLD_SQL_MODE;
SET FOREIGN_KEY_CHECKS = @OLD_FOREIGN_KEY_CHECKS;
SET UNIQUE_CHECKS = @OLD_UNIQUE_CHECKS;


SET SQL_MODE = @OLD_SQL_MODE;
SET FOREIGN_KEY_CHECKS = @OLD_FOREIGN_KEY_CHECKS;
SET UNIQUE_CHECKS = @OLD_UNIQUE_CHECKS;

-- -----------------------------------------------------
-- Data for table `boxers`.`division`
-- -----------------------------------------------------
START TRANSACTION;
USE `boxers`;
INSERT INTO `boxers`.`division` (`id`, `name`, `created_at`, `updated_at`, `deleted_at`)
VALUES (1, 'Heavyweight', DEFAULT, DEFAULT, NULL);
INSERT INTO `boxers`.`division` (`id`, `name`, `created_at`, `updated_at`, `deleted_at`)
VALUES (2, 'Cruiserweight', DEFAULT, DEFAULT, NULL);
INSERT INTO `boxers`.`division` (`id`, `name`, `created_at`, `updated_at`, `deleted_at`)
VALUES (3, 'Light Heavyweight', DEFAULT, DEFAULT, NULL);
INSERT INTO `boxers`.`division` (`id`, `name`, `created_at`, `updated_at`, `deleted_at`)
VALUES (4, 'Super Middleweight', DEFAULT, DEFAULT, NULL);
INSERT INTO `boxers`.`division` (`id`, `name`, `created_at`, `updated_at`, `deleted_at`)
VALUES (5, 'Middleweight', DEFAULT, DEFAULT, NULL);
INSERT INTO `boxers`.`division` (`id`, `name`, `created_at`, `updated_at`, `deleted_at`)
VALUES (6, 'Light Middleweight', DEFAULT, DEFAULT, NULL);
INSERT INTO `boxers`.`division` (`id`, `name`, `created_at`, `updated_at`, `deleted_at`)
VALUES (7, 'Welterweight', DEFAULT, DEFAULT, NULL);
INSERT INTO `boxers`.`division` (`id`, `name`, `created_at`, `updated_at`, `deleted_at`)
VALUES (8, 'Light Welterweight', DEFAULT, DEFAULT, NULL);
INSERT INTO `boxers`.`division` (`id`, `name`, `created_at`, `updated_at`, `deleted_at`)
VALUES (9, 'Lightweight', DEFAULT, DEFAULT, NULL);
INSERT INTO `boxers`.`division` (`id`, `name`, `created_at`, `updated_at`, `deleted_at`)
VALUES (10, 'Super Featherweight', DEFAULT, DEFAULT, NULL);
INSERT INTO `boxers`.`division` (`id`, `name`, `created_at`, `updated_at`, `deleted_at`)
VALUES (11, 'Featherweight', DEFAULT, DEFAULT, NULL);
INSERT INTO `boxers`.`division` (`id`, `name`, `created_at`, `updated_at`, `deleted_at`)
VALUES (12, 'Super Bantamweight', DEFAULT, DEFAULT, NULL);
INSERT INTO `boxers`.`division` (`id`, `name`, `created_at`, `updated_at`, `deleted_at`)
VALUES (13, 'Bantamweight', DEFAULT, DEFAULT, NULL);
INSERT INTO `boxers`.`division` (`id`, `name`, `created_at`, `updated_at`, `deleted_at`)
VALUES (14, 'Super Flyweight', DEFAULT, DEFAULT, NULL);
INSERT INTO `boxers`.`division` (`id`, `name`, `created_at`, `updated_at`, `deleted_at`)
VALUES (15, 'Flyweight', DEFAULT, DEFAULT, NULL);
INSERT INTO `boxers`.`division` (`id`, `name`, `created_at`, `updated_at`, `deleted_at`)
VALUES (16, 'Light Flyweight', DEFAULT, DEFAULT, NULL);
INSERT INTO `boxers`.`division` (`id`, `name`, `created_at`, `updated_at`, `deleted_at`)
VALUES (17, 'Minimumweight', DEFAULT, DEFAULT, NULL);

INSERT INTO `user` (`id`, `name`, `email`, `password`, `created_at`, `active`, `confirmed`)
VALUES (999, 'Jimmy', 'jamesalandixon@gmail.com', '$2y$10$gNWX2jS.gemnaimVh6yn5eXGj.Nf4hwuYafbC.nFYxcIrq14.b0Om',
        '2018-07-27 14:45:45', 1, 1);

INSERT INTO `boxer` (`id`, `division_id`, `boxrec_id`, `name`, `nationality`, `dob`, `record`, `home_town`, `snippet`,
                     `twitter`, `enabled`, `created_at`, `updated_at`, `deleted_at`)
VALUES (1, 1, 659461, 'Anthony Joshua', 'GB', '1989-10-15', '21-0-0', 'Watford, Hertfordshire',
        'Charismatic and athletic, the 6\'6\" Joshua established himself as the biggest attraction in boxing with a thrilling victory over Wladimir Klitchsko. An enticing unification showdown with WBC champion Deontay Wilder lies in wait some time in 2019.',
        'anthonyfjoshua', 1, '2018-09-06 10:26:08', '2018-09-07 16:08:19', NULL),
       (2, 1, 468841, 'Deontay Wilder', 'US', '1985-10-22', '40-0-0', 'Tuscaloosa, Alabama',
        '\"The Bronze Bomber\" showed his formidable KO power when overcoming adversity to vanquish previously undefeated challenger Luis Ortiz. Potential match ups with British rivals Anthony Joshua and Tyson Fury appear to be high on his agenda.',
        'BronzeBomber', 1, '2018-09-06 10:47:13', '2018-09-07 16:09:00', NULL),
       (3, 1, 318081, 'Alexander Povetkin', 'RU', '1979-09-02', '34-1-0', 'Kursk, Russia',
        'The hard hitting former Olympic gold medalist has earned a shot at Anthony Joshua\'s world titles by knocking out David Price in spectacular fashion. Povetkin is hoping to regain the WBA championship belt he lost to Wladimir Klitschko.',
        NULL, 1, '2018-09-06 14:05:23', '2018-09-06 15:13:02', NULL),
       (4, 1, 528949, 'Luis Ortiz', 'CU', '1979-03-29', '29-1-0', 'Camaguey, Cuba',
        'The skilful southpaw veteran is hoping to bounce back after running Deontay Wilder very close in a WBC title challenge. Despite that defeat he remains one of the most technically accomplished heavyweights in the division.',
        NULL, 1, '2018-09-06 14:24:36', '2018-09-06 14:27:09', NULL),
       (5, 1, 569964, 'Dillian Whyte', 'GB', '2011-05-13', '24-1-0', 'Brixton, London',
        'After impressive victories over Joseph Parker and Lucas Browne \"The Body Snatcher\" seems close to earning a rematch with promotional stable mate Anthony Joshua. Whyte\'s only loss to date came at the hands of his British rival.',
        'DillianWhyte', 1, '2018-09-06 14:44:35', '2018-09-07 16:10:27', NULL),
       (6, 1, 613846, 'Joseph Parker', 'NZ', '1992-01-09', '24-2-0', 'South Auckland, New Zealand',
        'The amiable Kiwi was on the wrong side of decision losses when facing Anthony Joshua and Dillian Whyte in the UK. However, the speedy young contender and former WBO title holder has plenty of time left to re-establish himself on the world scene.',
        'joeboxerparker', 1, '2018-09-06 15:24:59', '2018-09-07 16:11:07', NULL),
       (7, 1, 498837, 'Jarrell Miller', 'US', '1988-07-15', '20-0-1', 'Brooklyn, New York',
        'This slick New Yorker is looking to gatecrash the upper echelons of the heavyweight division. The 280 pounder, known as \"Big Baby\", will be hoping to make a statement when he takes on the hugely experienced Tomasz Adamek next.',
        NULL, 1, '2018-09-06 15:47:16', '2018-09-06 15:49:57', NULL),
       (8, 1, 479205, 'Tyson Fury', 'GB', '1988-08-12', '27-0-0', 'Manchester, Lancashire',
        'The 6\'9\" switch hitting \"Gypsy King\" has returned after a two year absence. Having scored a unanimous decision victory over Wladimir Klitschko before the Ukrainian lost to Anthony Joshua, Fury retains a claim to the lineal championship of the world.',
        'Tyson_Fury', 1, '2018-09-06 16:07:54', '2018-09-07 16:15:17', NULL),
       (9, 1, 629462, 'Dominic Breazeale', 'US', '1985-08-24', '19-1-0', 'Glendale, California',
        'The tall and powerful Breazeale bounced back from his sole career loss to Anthony Joshua by defeating Izuagbe Ugonoh and Eric Molina inside the distance. Another crack at one of the heavyweight titles is certainly within reach.',
        NULL, 1, '2018-09-07 11:31:07', '2018-09-07 11:31:07', NULL),
       (10, 1, 512994, 'Adam Kownacki', 'PL', '1989-03-27', '18-0-0', 'Lomza, Poland',
        'Unbeaten prospect Kownacki demonstrated his potential by overcoming more experienced countryman Artur Szpilka. A hard fought victory former IBF titlist Charles Martin has lent even further credence to his growing reputation. ',
        NULL, 1, '2018-09-07 11:50:39', '2018-09-09 15:33:14', NULL);


INSERT INTO `rating` (`division_id`, `boxer_id`, `rating`, `points`)
VALUES (1, 1, 1, 7653),
       (1, 2, 2, 4872),
       (1, 3, 3, 2502),
       (1, 4, 4, 1256),
       (1, 5, 5, 1132),
       (1, 6, 6, 1046),
       (1, 7, 7, 967),
       (1, 8, 8, 865),
       (1, 9, 9, 786),
       (1, 10, 10, 542);

INSERT INTO `p4p_rating` (`boxer_id`, `rating`)
VALUES (8, 1),
       (4, 2),
       (9, 3),
       (3, 4),
       (6, 5),
       (5, 6),
       (7, 7),
       (1, 8),
       (2, 9),
       (10, 10);

COMMIT;

